"name","inBA1Substitution75.upset.txt","inBA11Substitution75.upset.txt"
"11285-11293",0,1
"21765-21770",0,1
"28362-28370",0,1
"6513-6515",0,1
"A11537G",1,1
"A18163G",1,1
"A23403G",1,1
"A24424T",1,1
"A26530G",1,1
"A27259C",1,1
"A28271T",1,1
"A2832G",1,1
"C10029T",1,1
"C10449A",1,1
"C14408T",1,1
"C15240T",1,1
"C21762T",1,1
"C21846T",1,1
"C22674T",1,1
"C22686T",1,1
"C23202A",1,1
"C23525T",1,1
"C23604A",1,1
"C23854A",1,1
"C24130A",1,1
"C241T",1,1
"C24503T",1,1
"C2470T",1,0
"C25000T",1,1
"C25584T",1,1
"C26270T",1,1
"C26577G",1,1
"C27807T",1,1
"C28311T",1,1
"C3037T",1,1
"G22578A",1,1
"G22599A",1,0
"G22813T",1,1
"G22898A",1,1
"G23948T",1,1
"G26709A",1,1
"G28881A",1,1
"G28882A",1,1
"G28883C",1,1
"G8393A",1,1
"T13195C",1,1
"T22673C",1,1
"T22679C",1,1
"T22882G",1,1
"T23599G",1,1
"T24469A",1,1
"T5386G",1,1
